[
  {
    "fields":{
      "username":"active_member1",
      "first_name":"",
      "last_name":"",
      "is_active":true,
      "is_superuser":false,
      "is_staff":false,
      "last_login":null,
      "groups":[

      ],
      "user_permissions":[

      ],
      "password":"pbkdf2_sha256$20000$cczb67HoOhZM$DYNX6BAIYRQDIIOfcSVOTqAAyLZ6B3omwY1nGXeT20o=",
      "email":"",
      "date_joined":"2015-08-30T14:46:20.237"
    },
    "model":"auth.user",
    "pk":2
  },
  {
    "fields":{
      "username":"past_member1",
      "first_name":"",
      "last_name":"",
      "is_active":true,
      "is_superuser":false,
      "is_staff":false,
      "last_login":null,
      "groups":[

      ],
      "user_permissions":[

      ],
      "password":"pbkdf2_sha256$20000$KBFWUMjlIIxE$1/Wss2iCwXRapXy0QSHzpAZ1PDy+bqYkVKQHwRKmOdM=",
      "email":"",
      "date_joined":"2015-08-30T14:56:21.523"
    },
    "model":"auth.user",
    "pk":3
  },
  {
    "fields":{
      "bank_name":"",
      "bank_code":"",
      "bank_account_iban":"",
      "bank_collection_allowed":false,
      "bank_collection_mode":5,
      "bank_account_mandate_reference":"",
      "bank_account_bic":"",
      "bank_account_date_of_signing":null,
      "bank_account_owner":"",
      "bank_account_number":"",
      "user":2
    },
    "model":"members.paymentinfo",
    "pk":1
  },
  {
    "fields":{
      "phone_number":"",
      "city":"Vienna",
      "remark":"",
      "last_email_ok":null,
      "has_lazzzor_privileges":false,
      "country":"Austria",
      "image":"",
      "birthday":null,
      "intern_list_email":"active_member1@example.org",
      "street":"Dummy Street 1",
      "postcode":"1230",
      "has_active_key":false,
      "lazzzor_rate":"1.00",
      "key_id":"",
      "on_intern_list":true,
      "wiki_name":"",
      "user":2
    },
    "model":"members.contactinfo",
    "pk":1
  },
  {
    "fields":{
      "name":"j\u00e4hrlich",
      "num_month":12
    },
    "model":"members.bankcollectionmode",
    "pk":1
  },
  {
    "fields":{
      "name":"halbj\u00e4hrlich",
      "num_month":6
    },
    "model":"members.bankcollectionmode",
    "pk":2
  },
  {
    "fields":{
      "name":"viertelj\u00e4hrlich",
      "num_month":3
    },
    "model":"members.bankcollectionmode",
    "pk":3
  },
  {
    "fields":{
      "name":"monatlich",
      "num_month":1
    },
    "model":"members.bankcollectionmode",
    "pk":4
  },
  {
    "fields":{
      "name":"unbekannt",
      "num_month":0
    },
    "model":"members.bankcollectionmode",
    "pk":5
  },
  {
    "fields":{
      "begin":"2010-01-01",
      "end":"2099-01-01",
      "user":2,
      "kind_of_membership":1
    },
    "model":"members.membershipperiod",
    "pk":1
  },
  {
    "fields":{
      "start":"2006-04-01",
      "amount":20,
      "end":null,
      "kind_of_membership":1
    },
    "model":"members.membershipfee",
    "pk":1
  },
  {
    "fields":{
      "start":"2006-04-01",
      "amount":0,
      "end":null,
      "kind_of_membership":2
    },
    "model":"members.membershipfee",
    "pk":2
  },
  {
    "fields":{
      "start":"2010-01-01",
      "amount":30,
      "end":null,
      "kind_of_membership":3
    },
    "model":"members.membershipfee",
    "pk":3
  },
  {
    "fields":{
      "start":"2012-01-01",
      "amount":30,
      "end":null,
      "kind_of_membership":4
    },
    "model":"members.membershipfee",
    "pk":4
  },
  {
    "fields":{
      "start":"2012-01-01",
      "amount":40,
      "end":null,
      "kind_of_membership":5
    },
    "model":"members.membershipfee",
    "pk":5
  },
  {
    "fields":{
      "start":"2012-01-01",
      "amount":50,
      "end":null,
      "kind_of_membership":6
    },
    "model":"members.membershipfee",
    "pk":6
  },
  {
    "fields":{
      "start":"2013-04-01",
      "amount":25,
      "end":null,
      "kind_of_membership":8
    },
    "model":"members.membershipfee",
    "pk":7
  },
  {
    "fields":{
      "start":"2013-04-05",
      "amount":28,
      "end":null,
      "kind_of_membership":9
    },
    "model":"members.membershipfee",
    "pk":8
  },
  {
    "fields":{
      "start":"2013-04-05",
      "amount":36,
      "end":null,
      "kind_of_membership":10
    },
    "model":"members.membershipfee",
    "pk":9
  },
  {
    "fields":{
      "start":"2013-04-05",
      "amount":8,
      "end":null,
      "kind_of_membership":11
    },
    "model":"members.membershipfee",
    "pk":10
  },
  {
    "fields":{
      "start":"2014-10-01",
      "amount":25,
      "end":null,
      "kind_of_membership":12
    },
    "model":"members.membershipfee",
    "pk":11
  },
  {
    "fields":{
      "name":"normal"
    },
    "model":"members.kindofmembership",
    "pk":1
  },
  {
    "fields":{
      "name":"free"
    },
    "model":"members.kindofmembership",
    "pk":2
  },
  {
    "fields":{
      "name":"normal+spind"
    },
    "model":"members.kindofmembership",
    "pk":3
  },
  {
    "fields":{
      "name":"erhoeht (30EUR)"
    },
    "model":"members.kindofmembership",
    "pk":4
  },
  {
    "fields":{
      "name":"erhoeht (40EUR)"
    },
    "model":"members.kindofmembership",
    "pk":5
  },
  {
    "fields":{
      "name":"erhoeht (50EUR)"
    },
    "model":"members.kindofmembership",
    "pk":6
  },
  {
    "fields":{
      "name":"free+spind"
    },
    "model":"members.kindofmembership",
    "pk":7
  },
  {
    "fields":{
      "name":"FSFE"
    },
    "model":"members.kindofmembership",
    "pk":8
  },
  {
    "fields":{
      "name":"normal + kleiner Spind"
    },
    "model":"members.kindofmembership",
    "pk":9
  },
  {
    "fields":{
      "name":"normal + 2 kleine Spinde"
    },
    "model":"members.kindofmembership",
    "pk":10
  },
  {
    "fields":{
      "name":"free + kleiner Spind"
    },
    "model":"members.kindofmembership",
    "pk":11
  },
  {
    "fields":{
      "name":"erhoeht (25EUR)"
    },
    "model":"members.kindofmembership",
    "pk":12
  },
  {
    "fields":{
      "name":"cash"
    },
    "model":"members.paymentmethod",
    "pk":1
  },
  {
    "fields":{
      "name":"bank transfer"
    },
    "model":"members.paymentmethod",
    "pk":2
  },
  {
    "fields":{
      "name":"bank collection"
    },
    "model":"members.paymentmethod",
    "pk":3
  },
  {
    "fields":{
      "name":"in kind"
    },
    "model":"members.paymentmethod",
    "pk":4
  },
  {
    "fields":{
      "name":"erlassen"
    },
    "model":"members.paymentmethod",
    "pk":5
  },
  {
    "fields":{
      "bank_name":"",
      "bank_code":"",
      "bank_account_iban":"",
      "bank_collection_allowed":false,
      "bank_collection_mode":5,
      "bank_account_mandate_reference":"",
      "bank_account_bic":"",
      "bank_account_date_of_signing":null,
      "bank_account_owner":"",
      "bank_account_number":"",
      "user":2
    },
    "model":"members.paymentinfo",
    "pk":1
  },
  {
    "fields":{
      "bank_name":"",
      "bank_code":"",
      "bank_account_iban":"",
      "bank_collection_allowed":false,
      "bank_collection_mode":4,
      "bank_account_mandate_reference":"",
      "bank_account_bic":"",
      "bank_account_date_of_signing":null,
      "bank_account_owner":"",
      "bank_account_number":"",
      "user":3
    },
    "model":"members.paymentinfo",
    "pk":2
  },
  {
    "fields":{
      "phone_number":"",
      "city":"Vienna",
      "remark":"",
      "last_email_ok":null,
      "has_lazzzor_privileges":false,
      "country":"Austria",
      "image":"",
      "birthday":null,
      "intern_list_email":"active_member1@example.org",
      "street":"Dummy Street 1",
      "postcode":"1230",
      "has_active_key":false,
      "lazzzor_rate":"1.00",
      "key_id":"",
      "on_intern_list":true,
      "wiki_name":"",
      "user":2
    },
    "model":"members.contactinfo",
    "pk":1
  },
  {
    "fields":{
      "phone_number":"",
      "city":"Vienna",
      "remark":"",
      "last_email_ok":null,
      "has_lazzzor_privileges":false,
      "country":"Austria",
      "image":"",
      "birthday":null,
      "intern_list_email":"past_member1@example.org",
      "street":"Past Street 1",
      "postcode":"1010",
      "has_active_key":false,
      "lazzzor_rate":"1.00",
      "key_id":"",
      "on_intern_list":true,
      "wiki_name":"",
      "user":3
    },
    "model":"members.contactinfo",
    "pk":2
  },
  {
    "fields":{
      "name":"j\u00e4hrlich",
      "num_month":12
    },
    "model":"members.bankcollectionmode",
    "pk":1
  },
  {
    "fields":{
      "name":"halbj\u00e4hrlich",
      "num_month":6
    },
    "model":"members.bankcollectionmode",
    "pk":2
  },
  {
    "fields":{
      "name":"viertelj\u00e4hrlich",
      "num_month":3
    },
    "model":"members.bankcollectionmode",
    "pk":3
  },
  {
    "fields":{
      "name":"monatlich",
      "num_month":1
    },
    "model":"members.bankcollectionmode",
    "pk":4
  },
  {
    "fields":{
      "name":"unbekannt",
      "num_month":0
    },
    "model":"members.bankcollectionmode",
    "pk":5
  },
  {
    "fields":{
      "begin":"2010-01-01",
      "end":"2099-01-01",
      "user":2,
      "kind_of_membership":1
    },
    "model":"members.membershipperiod",
    "pk":1
  },
  {
    "fields":{
      "begin":"2008-06-01",
      "end":"2015-01-01",
      "user":3,
      "kind_of_membership":1
    },
    "model":"members.membershipperiod",
    "pk":2
  },
  {
    "fields":{
      "start":"2006-04-01",
      "amount":20,
      "end":null,
      "kind_of_membership":1
    },
    "model":"members.membershipfee",
    "pk":1
  },
  {
    "fields":{
      "start":"2006-04-01",
      "amount":0,
      "end":null,
      "kind_of_membership":2
    },
    "model":"members.membershipfee",
    "pk":2
  },
  {
    "fields":{
      "start":"2010-01-01",
      "amount":30,
      "end":null,
      "kind_of_membership":3
    },
    "model":"members.membershipfee",
    "pk":3
  },
  {
    "fields":{
      "start":"2012-01-01",
      "amount":30,
      "end":null,
      "kind_of_membership":4
    },
    "model":"members.membershipfee",
    "pk":4
  },
  {
    "fields":{
      "start":"2012-01-01",
      "amount":40,
      "end":null,
      "kind_of_membership":5
    },
    "model":"members.membershipfee",
    "pk":5
  },
  {
    "fields":{
      "start":"2012-01-01",
      "amount":50,
      "end":null,
      "kind_of_membership":6
    },
    "model":"members.membershipfee",
    "pk":6
  },
  {
    "fields":{
      "start":"2013-04-01",
      "amount":25,
      "end":null,
      "kind_of_membership":8
    },
    "model":"members.membershipfee",
    "pk":7
  },
  {
    "fields":{
      "start":"2013-04-05",
      "amount":28,
      "end":null,
      "kind_of_membership":9
    },
    "model":"members.membershipfee",
    "pk":8
  },
  {
    "fields":{
      "start":"2013-04-05",
      "amount":36,
      "end":null,
      "kind_of_membership":10
    },
    "model":"members.membershipfee",
    "pk":9
  },
  {
    "fields":{
      "start":"2013-04-05",
      "amount":8,
      "end":null,
      "kind_of_membership":11
    },
    "model":"members.membershipfee",
    "pk":10
  },
  {
    "fields":{
      "start":"2014-10-01",
      "amount":25,
      "end":null,
      "kind_of_membership":12
    },
    "model":"members.membershipfee",
    "pk":11
  },
  {
    "fields":{
      "name":"normal"
    },
    "model":"members.kindofmembership",
    "pk":1
  },
  {
    "fields":{
      "name":"free"
    },
    "model":"members.kindofmembership",
    "pk":2
  },
  {
    "fields":{
      "name":"normal+spind"
    },
    "model":"members.kindofmembership",
    "pk":3
  },
  {
    "fields":{
      "name":"erhoeht (30EUR)"
    },
    "model":"members.kindofmembership",
    "pk":4
  },
  {
    "fields":{
      "name":"erhoeht (40EUR)"
    },
    "model":"members.kindofmembership",
    "pk":5
  },
  {
    "fields":{
      "name":"erhoeht (50EUR)"
    },
    "model":"members.kindofmembership",
    "pk":6
  },
  {
    "fields":{
      "name":"free+spind"
    },
    "model":"members.kindofmembership",
    "pk":7
  },
  {
    "fields":{
      "name":"FSFE"
    },
    "model":"members.kindofmembership",
    "pk":8
  },
  {
    "fields":{
      "name":"normal + kleiner Spind"
    },
    "model":"members.kindofmembership",
    "pk":9
  },
  {
    "fields":{
      "name":"normal + 2 kleine Spinde"
    },
    "model":"members.kindofmembership",
    "pk":10
  },
  {
    "fields":{
      "name":"free + kleiner Spind"
    },
    "model":"members.kindofmembership",
    "pk":11
  },
  {
    "fields":{
      "name":"erhoeht (25EUR)"
    },
    "model":"members.kindofmembership",
    "pk":12
  },
  {
    "fields":{
      "name":"cash"
    },
    "model":"members.paymentmethod",
    "pk":1
  },
  {
    "fields":{
      "name":"bank transfer"
    },
    "model":"members.paymentmethod",
    "pk":2
  },
  {
    "fields":{
      "name":"bank collection"
    },
    "model":"members.paymentmethod",
    "pk":3
  },
  {
    "fields":{
      "name":"in kind"
    },
    "model":"members.paymentmethod",
    "pk":4
  },
  {
    "fields":{
      "name":"erlassen"
    },
    "model":"members.paymentmethod",
    "pk":5
  }
]
